route,sample,venue,bridg_valueReadAt,venue_valueReadAt,read_gap_s,run_read_spread_s,bridg_listed,bridg_compare_only,direct_out,direct_fixed_fee,direct_out_fee_adj,direct_cmp,gap_bps,bridg_fee_observed,gap_ex_bridg_fee_bps,gap_s,venue_status,direct_note,bridg_requestStart,bridg_quoteVisible,venue_requestStart,venue_quoteVisible,run_id
SOL->ETH,1,relay,2026-09-23T14:18:55.406Z,2026-09-23T14:18:55.404Z,0.002,0.006,98.880917,False,99.193956,,,99.193956,-31.3,0.05,-26.3,0.002,OK,,2026-09-23T14:18:34.538Z,2026-09-23T14:18:36.899Z,2026-09-23T14:18:34.535Z,2026-09-23T14:18:38.436Z,4c97f29bcfca
SOL->ETH,1,debridge,2026-09-23T14:18:55.406Z,2026-09-23T14:18:55.402Z,0.004,0.006,96.986978,False,99.920018,2.9354,96.984618,96.984618,0.24,0.15,15.24,0.004,OK,+2.9354 USDC charged on top of 100 input (subtracted),2026-09-23T14:18:34.538Z,2026-09-23T14:18:36.899Z,2026-09-23T14:18:34.531Z,2026-09-23T14:18:37.964Z,4c97f29bcfca
SOL->ETH,1,lifi,2026-09-23T14:18:55.406Z,2026-09-23T14:18:55.400Z,0.006,0.006,98.887005,False,99.193956,,,99.193956,-30.7,0.15,-15.7,0.006,OK,Jumper Best Return via Relay; max route 99.99,2026-09-23T14:18:34.538Z,2026-09-23T14:18:36.899Z,2026-09-23T14:18:34.668Z,2026-09-23T14:18:53.254Z,4c97f29bcfca
SOL->ETH,1,across,2026-09-23T14:18:55.406Z,2026-09-23T14:18:55.400Z,0.006,0.006,99.840015,False,99.99,,,99.99,-15.0,0.15,0.0,0.006,OK,,2026-09-23T14:18:34.538Z,2026-09-23T14:18:36.899Z,2026-09-23T14:18:34.512Z,2026-09-23T14:18:37.143Z,4c97f29bcfca
SOL->ETH,1,mayan,2026-09-23T14:18:55.406Z,2026-09-23T14:18:55.400Z,0.006,0.006,96.488949,True,96.6446,,,96.6446,-15.57,0.15,-0.57,0.006,OK,Swift v2; UI shows 4 dp,2026-09-23T14:18:34.538Z,2026-09-23T14:18:36.899Z,2026-09-23T14:18:34.511Z,2026-09-23T14:18:37.365Z,4c97f29bcfca
SOL->ETH,1,allbridge,2026-09-23T14:18:55.406Z,2026-09-23T14:18:55.401Z,0.005,0.006,99.75015,True,99.9,0.014082,,99.9,-14.99,0.15,0.01,0.005,OK,"+0.014082 SOL (relayer fee, fee=native) charged on top of 100 input (not converted)",2026-09-23T14:18:34.538Z,2026-09-23T14:18:36.899Z,2026-09-23T14:18:34.659Z,2026-09-23T14:18:37.676Z,4c97f29bcfca
SOL->ETH,1,cctp,2026-09-23T14:18:55.406Z,2026-09-23T14:18:55.406Z,0.0,0.006,96.584008,True,99.99,,,99.99,-340.6,0.15,-325.6,0.0,OK,via Portal (CCTPv2StandardExecutorRoute); executor fee hidden until wallet connect,2026-09-23T14:18:34.538Z,2026-09-23T14:18:36.899Z,2026-09-23T14:18:34.656Z,2026-09-23T14:18:40.048Z,4c97f29bcfca
SOL->ETH,1,husher,2026-09-23T14:18:55.406Z,2026-09-23T14:18:55.401Z,0.005,0.006,99.1504,False,99.05,,,99.05,10.04,0.15,25.04,0.005,OK,,2026-09-23T14:18:34.538Z,2026-09-23T14:18:36.899Z,2026-09-23T14:18:34.669Z,2026-09-23T14:18:37.420Z,4c97f29bcfca
SOL->ETH,1,layerswap,2026-09-23T14:18:55.406Z,2026-09-23T14:18:55.402Z,0.004,0.006,99.433011,False,99.716863,,,99.716863,-28.39,0.15,-13.39,0.004,OK,,2026-09-23T14:18:34.538Z,2026-09-23T14:18:36.899Z,2026-09-23T14:18:34.512Z,2026-09-23T14:18:38.407Z,4c97f29bcfca
SOL->ETH,1,meson,2026-09-23T14:18:55.406Z,2026-09-23T14:18:55.400Z,0.006,0.006,99.75015,True,98.65,,,98.65,110.01,0.15,125.01,0.006,OK,,2026-09-23T14:18:34.538Z,2026-09-23T14:18:36.899Z,2026-09-23T14:18:34.698Z,2026-09-23T14:18:36.601Z,4c97f29bcfca
SOL->ETH,1,simpleswap,2026-09-23T14:18:55.406Z,2026-09-23T14:18:55.405Z,0.001,0.006,96.775023,False,98.206302,,,98.206302,-143.13,0.15,-128.13,0.001,OK,selected card: Best rate / Decentralized; best card 98.206302,2026-09-23T14:18:34.538Z,2026-09-23T14:18:36.899Z,2026-09-23T14:18:34.669Z,2026-09-23T14:18:39.168Z,4c97f29bcfca
SOL->ETH,1,skip-go,2026-09-23T14:18:55.406Z,2026-09-23T14:18:55.406Z,0.0,0.006,96.961212,False,96.94911,,,96.94911,1.21,0.15,16.21,0.0,OK,,2026-09-23T14:18:34.538Z,2026-09-23T14:18:36.899Z,2026-09-23T14:18:34.513Z,2026-09-23T14:18:39.607Z,4c97f29bcfca
SOL->ETH,1,symbiosis,2026-09-23T14:18:55.406Z,2026-09-23T14:18:55.404Z,0.002,0.006,96.165275,False,96.860997,,,96.860997,-69.57,0.15,-54.57,0.002,OK,,2026-09-23T14:18:34.538Z,2026-09-23T14:18:36.899Z,2026-09-23T14:18:34.533Z,2026-09-23T14:18:39.114Z,4c97f29bcfca
ETH->SOL,1,relay,2026-09-23T14:19:28.697Z,2026-09-23T14:19:28.698Z,0.001,0.006,99.696013,False,99.945703,,,99.945703,-24.97,0.05,-19.97,0.001,OK,,2026-09-23T14:19:22.123Z,2026-09-23T14:19:23.634Z,2026-09-23T14:19:22.117Z,2026-09-23T14:19:24.093Z,1ce3ee3c699e
ETH->SOL,1,debridge,2026-09-23T14:19:28.697Z,2026-09-23T14:19:28.698Z,0.001,0.006,97.956546,False,99.920018,1.965,97.955018,97.955018,0.15,0.05,5.15,0.001,OK,+1.965 USDC charged on top of 100 input (subtracted),2026-09-23T14:19:22.123Z,2026-09-23T14:19:23.634Z,2026-09-23T14:19:22.120Z,2026-09-23T14:19:24.092Z,1ce3ee3c699e
ETH->SOL,1,lifi,2026-09-23T14:19:28.697Z,2026-09-23T14:19:28.698Z,0.001,0.006,98.994462,False,99.945703,,,99.945703,-95.12,0.05,-90.12,0.001,OK,Jumper Best Return via Relay; max route 100.0,2026-09-23T14:19:22.123Z,2026-09-23T14:19:23.634Z,2026-09-23T14:19:22.121Z,2026-09-23T14:19:24.437Z,1ce3ee3c699e
ETH->SOL,1,across,2026-09-23T14:19:28.697Z,2026-09-23T14:19:28.697Z,0.0,0.006,,,99.99,,,99.99,,0.05,,0.0,OK,,2026-09-23T14:19:22.123Z,2026-09-23T14:19:23.634Z,2026-09-23T14:19:22.117Z,2026-09-23T14:19:23.610Z,1ce3ee3c699e
ETH->SOL,1,mayan,2026-09-23T14:19:28.697Z,2026-09-23T14:19:28.698Z,0.001,0.006,99.012777,False,99.0127,,,99.0127,0.01,0.05,5.01,0.001,OK,Swift v2; UI shows 4 dp,2026-09-23T14:19:22.123Z,2026-09-23T14:19:23.634Z,2026-09-23T14:19:22.116Z,2026-09-23T14:19:23.870Z,1ce3ee3c699e
ETH->SOL,1,allbridge,2026-09-23T14:19:28.697Z,2026-09-23T14:19:28.697Z,0.0,0.006,99.85005,False,99.9,0.000137,,99.9,-5.0,0.05,0.0,0.0,OK,"+0.000137 ETH (relayer fee, fee=native) charged on top of 100 input (not converted)",2026-09-23T14:19:22.123Z,2026-09-23T14:19:23.634Z,2026-09-23T14:19:22.124Z,2026-09-23T14:19:23.598Z,1ce3ee3c699e
ETH->SOL,1,cctp,2026-09-23T14:19:28.697Z,2026-09-23T14:19:28.696Z,0.001,0.006,99.781658,False,99.980001,,,99.980001,-19.83,0.05,-14.83,0.001,OK,via Portal (CCTPv2FastExecutorRoute); executor fee hidden until wallet connect,2026-09-23T14:19:22.123Z,2026-09-23T14:19:23.634Z,2026-09-23T14:19:22.124Z,2026-09-23T14:19:26.548Z,1ce3ee3c699e
ETH->SOL,1,husher,2026-09-23T14:19:28.697Z,2026-09-23T14:19:28.696Z,0.001,0.006,99.45025,False,99.35,,,99.35,10.03,0.05,15.03,0.001,OK,,2026-09-23T14:19:22.123Z,2026-09-23T14:19:23.634Z,2026-09-23T14:19:22.125Z,2026-09-23T14:19:23.515Z,1ce3ee3c699e
ETH->SOL,1,layerswap,2026-09-23T14:19:28.697Z,2026-09-23T14:19:28.699Z,0.002,0.006,99.599588,False,99.681249,,,99.681249,-8.17,0.05,-3.17,0.002,OK,,2026-09-23T14:19:22.123Z,2026-09-23T14:19:23.634Z,2026-09-23T14:19:22.120Z,2026-09-23T14:19:24.571Z,1ce3ee3c699e
ETH->SOL,1,meson,2026-09-23T14:19:28.697Z,2026-09-23T14:19:28.696Z,0.001,0.006,99.45025,False,99.1,,,99.1,35.03,0.05,40.03,0.001,OK,,2026-09-23T14:19:22.123Z,2026-09-23T14:19:23.634Z,2026-09-23T14:19:22.126Z,2026-09-23T14:19:22.766Z,1ce3ee3c699e
ETH->SOL,1,simpleswap,2026-09-23T14:19:28.697Z,2026-09-23T14:19:28.702Z,0.005,0.006,95.715087,False,98.482157,,,98.482157,-276.71,0.05,-271.71,0.005,OK,selected card: Best rate / Decentralized; best card 98.482157,2026-09-23T14:19:22.123Z,2026-09-23T14:19:23.634Z,2026-09-23T14:19:22.126Z,2026-09-23T14:19:25.340Z,1ce3ee3c699e
ETH->SOL,1,skip-go,2026-09-23T14:19:28.697Z,2026-09-23T14:19:28.699Z,0.002,0.006,99.68794,False,99.72581,,,99.72581,-3.79,0.05,1.21,0.002,OK,,2026-09-23T14:19:22.123Z,2026-09-23T14:19:23.634Z,2026-09-23T14:19:22.119Z,2026-09-23T14:19:24.784Z,1ce3ee3c699e
ETH->SOL,1,symbiosis,2026-09-23T14:19:28.697Z,2026-09-23T14:19:28.700Z,0.003,0.006,98.950473,False,98.950473,,,98.950473,0.0,0.05,5.0,0.003,OK,,2026-09-23T14:19:22.123Z,2026-09-23T14:19:23.634Z,2026-09-23T14:19:22.119Z,2026-09-23T14:19:24.972Z,1ce3ee3c699e
SOL->BSC,1,relay,2026-09-23T14:19:58.625Z,2026-09-23T14:19:58.626Z,0.001,0.004,99.598071,False,99.651304,,,99.651304,-5.32,0.05,-0.32,0.001,OK,,2026-09-23T14:19:52.315Z,2026-09-23T14:19:53.709Z,2026-09-23T14:19:52.315Z,2026-09-23T14:19:54.827Z,18f661e80197
SOL->BSC,1,debridge,2026-09-23T14:19:58.625Z,2026-09-23T14:19:58.626Z,0.001,0.004,98.675519,False,99.920015,1.2455,98.674515,98.674515,0.1,0.05,5.1,0.001,OK,+1.2455 USDC charged on top of 100 input (subtracted),2026-09-23T14:19:52.315Z,2026-09-23T14:19:53.709Z,2026-09-23T14:19:52.317Z,2026-09-23T14:19:54.790Z,18f661e80197
SOL->BSC,1,lifi,2026-09-23T14:19:58.625Z,2026-09-23T14:19:58.623Z,0.002,0.004,99.178482,False,99.93159,,,99.93159,-75.31,0.05,-70.31,0.002,OK,Jumper Best Return via Mayan (Swift); max route 99.93159,2026-09-23T14:19:52.315Z,2026-09-23T14:19:53.709Z,2026-09-23T14:19:52.317Z,2026-09-23T14:19:56.484Z,18f661e80197
SOL->BSC,1,across,2026-09-23T14:19:58.625Z,2026-09-23T14:19:58.624Z,0.001,0.004,,,99.981745,,,99.981745,,0.05,,0.001,OK,,2026-09-23T14:19:52.315Z,2026-09-23T14:19:53.709Z,2026-09-23T14:19:52.315Z,2026-09-23T14:19:54.082Z,18f661e80197
SOL->BSC,1,mayan,2026-09-23T14:19:58.625Z,2026-09-23T14:19:58.624Z,0.001,0.004,99.881626,True,99.931,,,99.931,-4.94,0.05,0.06,0.001,OK,Swift v2; UI shows 3 dp,2026-09-23T14:19:52.315Z,2026-09-23T14:19:53.709Z,2026-09-23T14:19:52.314Z,2026-09-23T14:19:53.910Z,18f661e80197
SOL->BSC,1,husher,2026-09-23T14:19:58.625Z,2026-09-23T14:19:58.624Z,0.001,0.004,99.7501,False,99.65,,,99.65,10.01,0.05,15.01,0.001,OK,,2026-09-23T14:19:52.315Z,2026-09-23T14:19:53.709Z,2026-09-23T14:19:52.323Z,2026-09-23T14:19:54.091Z,18f661e80197
SOL->BSC,1,layerswap,2026-09-23T14:19:58.625Z,2026-09-23T14:19:58.626Z,0.001,0.004,99.678465,False,99.863113,,,99.863113,-18.46,0.05,-13.46,0.001,OK,,2026-09-23T14:19:52.315Z,2026-09-23T14:19:53.709Z,2026-09-23T14:19:52.316Z,2026-09-23T14:19:55.032Z,18f661e80197
SOL->BSC,1,meson,2026-09-23T14:19:58.625Z,2026-09-23T14:19:58.623Z,0.002,0.004,99.85005,True,99.88,,,99.88,-2.99,0.05,2.01,0.002,OK,,2026-09-23T14:19:52.315Z,2026-09-23T14:19:53.709Z,2026-09-23T14:19:52.320Z,2026-09-23T14:19:52.804Z,18f661e80197
SOL->BSC,1,simpleswap,2026-09-23T14:19:58.625Z,2026-09-23T14:19:58.627Z,0.002,0.004,97.609412,False,98.139,,,98.139,-52.96,0.05,-47.96,0.002,OK,selected card: Best rate; best card 98.139,2026-09-23T14:19:52.315Z,2026-09-23T14:19:53.709Z,2026-09-23T14:19:52.325Z,2026-09-23T14:19:55.429Z,18f661e80197
BSC->SOL,1,relay,2026-09-23T14:20:29.480Z,2026-09-23T14:20:29.482Z,0.002,0.004,99.636746,False,99.885705,,,99.885705,-24.9,0.05,-19.9,0.002,OK,,2026-09-23T14:20:23.792Z,2026-09-23T14:20:25.034Z,2026-09-23T14:20:23.791Z,2026-09-23T14:20:25.793Z,fa8b4231fde3
BSC->SOL,1,debridge,2026-09-23T14:20:29.480Z,2026-09-23T14:20:29.482Z,0.002,0.004,98.903498,False,99.920017,1.0173,98.902717,98.902717,0.08,0.05,5.08,0.002,OK,+1.0173 USDC charged on top of 100 input (subtracted),2026-09-23T14:20:23.792Z,2026-09-23T14:20:25.034Z,2026-09-23T14:20:23.792Z,2026-09-23T14:20:26.058Z,fa8b4231fde3
BSC->SOL,1,lifi,2026-09-23T14:20:29.480Z,2026-09-23T14:20:29.484Z,0.004,0.004,99.099094,False,99.885705,,,99.885705,-78.66,0.05,-73.66,0.004,OK,Jumper Best Return via Relay; max route 99.885705,2026-09-23T14:20:23.792Z,2026-09-23T14:20:25.034Z,2026-09-23T14:20:23.793Z,2026-09-23T14:20:26.598Z,fa8b4231fde3
BSC->SOL,1,across,2026-09-23T14:20:29.480Z,2026-09-23T14:20:29.481Z,0.001,0.004,,,99.981745,,,99.981745,,0.05,,0.001,OK,,2026-09-23T14:20:23.792Z,2026-09-23T14:20:25.034Z,2026-09-23T14:20:23.791Z,2026-09-23T14:20:25.098Z,fa8b4231fde3
BSC->SOL,1,mayan,2026-09-23T14:20:29.480Z,2026-09-23T14:20:29.481Z,0.001,0.004,99.640471,False,99.69,,,99.69,-4.95,0.05,0.05,0.001,OK,Swift v2; UI shows 2 dp,2026-09-23T14:20:23.792Z,2026-09-23T14:20:25.034Z,2026-09-23T14:20:23.791Z,2026-09-23T14:20:25.519Z,fa8b4231fde3
BSC->SOL,1,husher,2026-09-23T14:20:29.480Z,2026-09-23T14:20:29.481Z,0.001,0.004,99.45025,False,99.35,,,99.35,10.03,0.05,15.03,0.001,OK,,2026-09-23T14:20:23.792Z,2026-09-23T14:20:25.034Z,2026-09-23T14:20:23.793Z,2026-09-23T14:20:25.285Z,fa8b4231fde3
BSC->SOL,1,layerswap,2026-09-23T14:20:29.480Z,2026-09-23T14:20:29.484Z,0.004,0.004,99.504542,False,99.633822,,,99.633822,-12.93,0.05,-7.93,0.004,OK,,2026-09-23T14:20:23.792Z,2026-09-23T14:20:25.034Z,2026-09-23T14:20:23.792Z,2026-09-23T14:20:26.199Z,fa8b4231fde3
BSC->SOL,1,meson,2026-09-23T14:20:29.480Z,2026-09-23T14:20:29.480Z,0.0,0.004,99.45025,False,99.6,,,99.6,-14.97,0.05,-9.97,0.0,OK,,2026-09-23T14:20:23.792Z,2026-09-23T14:20:25.034Z,2026-09-23T14:20:23.793Z,2026-09-23T14:20:24.270Z,fa8b4231fde3
BSC->SOL,1,simpleswap,2026-09-23T14:20:29.480Z,2026-09-23T14:20:29.484Z,0.004,0.004,97.562856,False,98.180302,,,98.180302,-61.74,0.05,-56.74,0.004,OK,selected card: Best rate; best card 98.180302,2026-09-23T14:20:23.792Z,2026-09-23T14:20:25.034Z,2026-09-23T14:20:23.795Z,2026-09-23T14:20:26.630Z,fa8b4231fde3
BSC->SOL,1,symbiosis,2026-09-23T14:20:29.480Z,2026-09-23T14:20:29.480Z,0.0,0.004,98.365493,False,98.355626,,,98.355626,0.99,0.05,5.99,0.0,OK,,2026-09-23T14:20:23.792Z,2026-09-23T14:20:25.034Z,2026-09-23T14:20:23.792Z,2026-09-23T14:20:27.336Z,fa8b4231fde3
SOL->Base,1,relay,2026-09-23T14:21:09.321Z,2026-09-23T14:21:09.318Z,0.003,0.006,99.881322,False,99.937898,,,99.937898,-5.66,0.05,-0.66,0.003,OK,,2026-09-23T14:21:02.757Z,2026-09-23T14:21:03.882Z,2026-09-23T14:21:02.755Z,2026-09-23T14:21:04.473Z,53ab1ac32c3a
SOL->Base,1,debridge,2026-09-23T14:21:09.321Z,2026-09-23T14:21:09.320Z,0.001,0.006,98.878905,False,99.880033,1.5278,98.352233,98.352233,52.67,0.05,57.67,0.001,OK,+1.5278 USDC charged on top of 100 input (subtracted),2026-09-23T14:21:02.757Z,2026-09-23T14:21:03.882Z,2026-09-23T14:21:02.756Z,2026-09-23T14:21:05.343Z,53ab1ac32c3a
SOL->Base,1,lifi,2026-09-23T14:21:09.321Z,2026-09-23T14:21:09.316Z,0.005,0.006,99.500625,False,100.0,,,100.0,-49.94,0.05,-44.94,0.005,OK,Jumper Best Return via Eco; max route 100.0,2026-09-23T14:21:02.757Z,2026-09-23T14:21:03.882Z,2026-09-23T14:21:02.757Z,2026-09-23T14:21:07.186Z,53ab1ac32c3a
SOL->Base,1,across,2026-09-23T14:21:09.321Z,2026-09-23T14:21:09.317Z,0.004,0.006,99.940005,False,99.99,,,99.99,-5.0,0.05,0.0,0.004,OK,,2026-09-23T14:21:02.757Z,2026-09-23T14:21:03.882Z,2026-09-23T14:21:02.756Z,2026-09-23T14:21:04.200Z,53ab1ac32c3a
SOL->Base,1,mayan,2026-09-23T14:21:09.321Z,2026-09-23T14:21:09.316Z,0.005,0.006,99.883275,True,99.933,,,99.933,-4.97,0.05,0.03,0.005,OK,Swift v2; UI shows 3 dp,2026-09-23T14:21:02.757Z,2026-09-23T14:21:03.882Z,2026-09-23T14:21:02.754Z,2026-09-23T14:21:04.081Z,53ab1ac32c3a
SOL->Base,1,allbridge,2026-09-23T14:21:09.321Z,2026-09-23T14:21:09.317Z,0.004,0.006,99.85005,True,99.9,0.002418,,99.9,-5.0,0.05,0.0,0.004,OK,"+0.002418 SOL (relayer fee, fee=native) charged on top of 100 input (not converted)",2026-09-23T14:21:02.757Z,2026-09-23T14:21:03.882Z,2026-09-23T14:21:02.757Z,2026-09-23T14:21:04.267Z,53ab1ac32c3a
SOL->Base,1,cctp,2026-09-23T14:21:09.321Z,2026-09-23T14:21:09.322Z,0.001,0.006,99.879135,True,99.99,,,99.99,-11.09,0.05,-6.09,0.001,OK,via Portal (CCTPv2StandardExecutorRoute); executor fee hidden until wallet connect,2026-09-23T14:21:02.757Z,2026-09-23T14:21:03.882Z,2026-09-23T14:21:02.755Z,2026-09-23T14:21:05.721Z,53ab1ac32c3a
SOL->Base,1,husher,2026-09-23T14:21:09.321Z,2026-09-23T14:21:09.317Z,0.004,0.006,99.6,False,99.45,,,99.45,15.0,0.05,20.0,0.004,OK,,2026-09-23T14:21:02.757Z,2026-09-23T14:21:03.882Z,2026-09-23T14:21:02.759Z,2026-09-23T14:21:04.147Z,53ab1ac32c3a
SOL->Base,1,layerswap,2026-09-23T14:21:09.321Z,2026-09-23T14:21:09.321Z,0.0,0.006,99.679395,False,99.864045,,,99.864045,-18.47,0.05,-13.47,0.0,OK,,2026-09-23T14:21:02.757Z,2026-09-23T14:21:03.882Z,2026-09-23T14:21:02.756Z,2026-09-23T14:21:05.390Z,53ab1ac32c3a
SOL->Base,1,meson,2026-09-23T14:21:09.321Z,2026-09-23T14:21:09.316Z,0.005,0.006,99.85005,True,99.84,,,99.84,1.0,0.05,6.0,0.005,OK,,2026-09-23T14:21:02.757Z,2026-09-23T14:21:03.882Z,2026-09-23T14:21:02.759Z,2026-09-23T14:21:03.426Z,53ab1ac32c3a
SOL->Base,1,simpleswap,2026-09-23T14:21:09.321Z,2026-09-23T14:21:09.322Z,0.001,0.006,97.604305,False,98.491492,,,98.491492,-88.72,0.05,-83.72,0.001,OK,selected card: Best rate / Decentralized; best card 98.491492,2026-09-23T14:21:02.757Z,2026-09-23T14:21:03.882Z,2026-09-23T14:21:02.758Z,2026-09-23T14:21:05.710Z,53ab1ac32c3a
SOL->Base,1,skip-go,2026-09-23T14:21:09.321Z,2026-09-23T14:21:09.319Z,0.002,0.006,99.943099,False,99.9811,,,99.9811,-3.8,0.05,1.2,0.002,OK,,2026-09-23T14:21:02.757Z,2026-09-23T14:21:03.882Z,2026-09-23T14:21:02.755Z,2026-09-23T14:21:05.309Z,53ab1ac32c3a
Base->SOL,1,relay,2026-09-23T14:21:44.562Z,2026-09-23T14:21:44.559Z,0.003,0.008,99.695894,False,99.945701,,,99.945701,-24.98,0.05,-19.98,0.003,OK,,2026-09-23T14:21:37.200Z,2026-09-23T14:21:39.376Z,2026-09-23T14:21:37.181Z,2026-09-23T14:21:40.533Z,21aa030fe856
Base->SOL,1,debridge,2026-09-23T14:21:44.562Z,2026-09-23T14:21:44.560Z,0.002,0.008,98.909106,False,99.880032,1.0278,98.852232,98.852232,5.69,0.05,10.69,0.002,OK,+1.0278 USDC charged on top of 100 input (subtracted),2026-09-23T14:21:37.200Z,2026-09-23T14:21:39.376Z,2026-09-23T14:21:37.189Z,2026-09-23T14:21:40.569Z,21aa030fe856
Base->SOL,1,lifi,2026-09-23T14:21:44.562Z,2026-09-23T14:21:44.558Z,0.004,0.008,98.994132,False,100.0,,,100.0,-100.59,0.05,-95.59,0.004,OK,Jumper Best Return via Polymer (Standard); max route 100.0,2026-09-23T14:21:37.200Z,2026-09-23T14:21:39.376Z,2026-09-23T14:21:37.203Z,2026-09-23T14:21:40.400Z,21aa030fe856
Base->SOL,1,across,2026-09-23T14:21:44.562Z,2026-09-23T14:21:44.558Z,0.004,0.008,,,99.987,,,99.987,,0.05,,0.004,OK,,2026-09-23T14:21:37.200Z,2026-09-23T14:21:39.376Z,2026-09-23T14:21:37.183Z,2026-09-23T14:21:39.362Z,21aa030fe856
Base->SOL,1,mayan,2026-09-23T14:21:44.562Z,2026-09-23T14:21:44.557Z,0.005,0.008,99.635623,False,99.685,,,99.685,-4.94,0.05,0.06,0.005,OK,Swift v2; UI shows 3 dp,2026-09-23T14:21:37.200Z,2026-09-23T14:21:39.376Z,2026-09-23T14:21:37.180Z,2026-09-23T14:21:38.952Z,21aa030fe856
Base->SOL,1,allbridge,2026-09-23T14:21:44.562Z,2026-09-23T14:21:44.563Z,0.001,0.008,99.85005,False,99.9,0.000136,,99.9,-5.0,0.05,0.0,0.001,OK,"+0.000136 ETH (relayer fee, fee=native) charged on top of 100 input (not converted)",2026-09-23T14:21:37.200Z,2026-09-23T14:21:39.376Z,2026-09-23T14:21:37.192Z,2026-09-23T14:21:40.259Z,21aa030fe856
Base->SOL,1,cctp,2026-09-23T14:21:44.562Z,2026-09-23T14:21:44.556Z,0.006,0.008,99.789518,False,99.977001,,,99.977001,-18.75,0.05,-13.75,0.006,OK,via Portal (CCTPv2FastExecutorRoute); executor fee hidden until wallet connect,2026-09-23T14:21:37.200Z,2026-09-23T14:21:39.376Z,2026-09-23T14:21:37.234Z,2026-09-23T14:21:42.201Z,21aa030fe856
Base->SOL,1,husher,2026-09-23T14:21:44.562Z,2026-09-23T14:21:44.560Z,0.002,0.008,99.45025,False,99.35,,,99.35,10.03,0.05,15.03,0.002,OK,,2026-09-23T14:21:37.200Z,2026-09-23T14:21:39.376Z,2026-09-23T14:21:37.206Z,2026-09-23T14:21:40.560Z,21aa030fe856
Base->SOL,1,layerswap,2026-09-23T14:21:44.562Z,2026-09-23T14:21:44.563Z,0.001,0.008,99.600369,False,99.682031,,,99.682031,-8.17,0.05,-3.17,0.001,OK,,2026-09-23T14:21:37.200Z,2026-09-23T14:21:39.376Z,2026-09-23T14:21:37.190Z,2026-09-23T14:21:41.380Z,21aa030fe856
Base->SOL,1,meson,2026-09-23T14:21:44.562Z,2026-09-23T14:21:44.557Z,0.005,0.008,99.45025,False,99.6,,,99.6,-14.97,0.05,-9.97,0.005,OK,,2026-09-23T14:21:37.200Z,2026-09-23T14:21:39.376Z,2026-09-23T14:21:37.204Z,2026-09-23T14:21:38.379Z,21aa030fe856
Base->SOL,1,simpleswap,2026-09-23T14:21:44.562Z,2026-09-23T14:21:44.561Z,0.001,0.008,97.704867,False,98.485001,,,98.485001,-78.01,0.05,-73.01,0.001,OK,selected card: Best rate / Decentralized; best card 98.485001,2026-09-23T14:21:37.200Z,2026-09-23T14:21:39.376Z,2026-09-23T14:21:37.207Z,2026-09-23T14:21:40.852Z,21aa030fe856
Base->SOL,1,skip-go,2026-09-23T14:21:44.562Z,2026-09-23T14:21:44.561Z,0.001,0.008,99.690434,False,99.72471,,,99.72471,-3.43,0.05,1.57,0.001,OK,,2026-09-23T14:21:37.200Z,2026-09-23T14:21:39.376Z,2026-09-23T14:21:37.186Z,2026-09-23T14:21:40.571Z,21aa030fe856
Base->SOL,1,symbiosis,2026-09-23T14:21:44.562Z,2026-09-23T14:21:44.563Z,0.001,0.008,98.366464,False,98.351938,,,98.351938,1.45,0.05,6.45,0.001,OK,,2026-09-23T14:21:37.200Z,2026-09-23T14:21:39.376Z,2026-09-23T14:21:37.183Z,2026-09-23T14:21:41.535Z,21aa030fe856
SOL->ETH,2,relay,2026-09-23T14:22:28.648Z,2026-09-23T14:22:28.645Z,0.003,0.01,98.744355,False,99.087326,,,99.087326,-34.3,0.05,-29.3,0.003,OK,,2026-09-23T14:22:16.319Z,2026-09-23T14:22:17.847Z,2026-09-23T14:22:16.318Z,2026-09-23T14:22:18.601Z,98a832663b80
SOL->ETH,2,debridge,2026-09-23T14:22:28.648Z,2026-09-23T14:22:28.646Z,0.002,0.01,96.649264,False,99.920018,3.2734,96.646618,96.646618,0.26,0.15,15.26,0.002,OK,+3.2734 USDC charged on top of 100 input (subtracted),2026-09-23T14:22:16.319Z,2026-09-23T14:22:17.847Z,2026-09-23T14:22:16.317Z,2026-09-23T14:22:18.511Z,98a832663b80
SOL->ETH,2,lifi,2026-09-23T14:22:28.648Z,2026-09-23T14:22:28.650Z,0.002,0.01,98.889246,False,99.087326,,,99.087326,-19.81,0.15,-4.81,0.002,OK,Jumper Best Return via Relay; max route 99.99,2026-09-23T14:22:16.319Z,2026-09-23T14:22:17.847Z,2026-09-23T14:22:16.319Z,2026-09-23T14:22:20.712Z,98a832663b80
SOL->ETH,2,across,2026-09-23T14:22:28.648Z,2026-09-23T14:22:28.644Z,0.004,0.01,99.840015,False,99.99,,,99.99,-15.0,0.15,0.0,0.004,OK,,2026-09-23T14:22:16.319Z,2026-09-23T14:22:17.847Z,2026-09-23T14:22:16.318Z,2026-09-23T14:22:18.203Z,98a832663b80
SOL->ETH,2,mayan,2026-09-23T14:22:28.648Z,2026-09-23T14:22:28.643Z,0.005,0.01,96.68446,True,96.6844,,,96.6844,0.01,0.15,15.01,0.005,OK,Swift v2; UI shows 4 dp,2026-09-23T14:22:16.319Z,2026-09-23T14:22:17.847Z,2026-09-23T14:22:16.315Z,2026-09-23T14:22:17.685Z,98a832663b80
SOL->ETH,2,allbridge,2026-09-23T14:22:28.648Z,2026-09-23T14:22:28.644Z,0.004,0.01,99.75015,True,99.9,0.014082,,99.9,-14.99,0.15,0.01,0.004,OK,"+0.014082 SOL (relayer fee, fee=native) charged on top of 100 input (not converted)",2026-09-23T14:22:16.319Z,2026-09-23T14:22:17.847Z,2026-09-23T14:22:16.319Z,2026-09-23T14:22:18.086Z,98a832663b80
SOL->ETH,2,cctp,2026-09-23T14:22:28.648Z,2026-09-23T14:22:28.649Z,0.001,0.01,96.584008,True,99.99,,,99.99,-340.6,0.15,-325.6,0.001,OK,via Portal (CCTPv2StandardExecutorRoute); executor fee hidden until wallet connect,2026-09-23T14:22:16.319Z,2026-09-23T14:22:17.847Z,2026-09-23T14:22:16.318Z,2026-09-23T14:22:20.102Z,98a832663b80
SOL->ETH,2,husher,2026-09-23T14:22:28.648Z,2026-09-23T14:22:28.643Z,0.005,0.01,99.1504,False,99.05,,,99.05,10.04,0.15,25.04,0.005,OK,,2026-09-23T14:22:16.319Z,2026-09-23T14:22:17.847Z,2026-09-23T14:22:16.320Z,2026-09-23T14:22:18.196Z,98a832663b80
SOL->ETH,2,layerswap,2026-09-23T14:22:28.648Z,2026-09-23T14:22:28.646Z,0.002,0.01,99.4339,False,99.717755,,,99.717755,-28.39,0.15,-13.39,0.002,OK,,2026-09-23T14:22:16.319Z,2026-09-23T14:22:17.847Z,2026-09-23T14:22:16.316Z,2026-09-23T14:22:18.642Z,98a832663b80
SOL->ETH,2,meson,2026-09-23T14:22:28.648Z,2026-09-23T14:22:28.642Z,0.006,0.01,99.75015,True,98.37,,,98.37,138.02,0.15,153.02,0.006,OK,,2026-09-23T14:22:16.319Z,2026-09-23T14:22:17.847Z,2026-09-23T14:22:16.320Z,2026-09-23T14:22:17.212Z,98a832663b80
SOL->ETH,2,simpleswap,2026-09-23T14:22:28.648Z,2026-09-23T14:22:28.646Z,0.002,0.01,96.801717,False,98.205703,,,98.205703,-140.4,0.15,-125.4,0.002,OK,selected card: Best rate / Decentralized; best card 98.205703,2026-09-23T14:22:16.319Z,2026-09-23T14:22:17.847Z,2026-09-23T14:22:16.320Z,2026-09-23T14:22:19.635Z,98a832663b80
SOL->ETH,2,skip-go,2026-09-23T14:22:28.648Z,2026-09-23T14:22:28.648Z,0.0,0.01,96.961212,False,96.94911,,,96.94911,1.21,0.15,16.21,0.0,OK,,2026-09-23T14:22:16.319Z,2026-09-23T14:22:17.847Z,2026-09-23T14:22:16.318Z,2026-09-23T14:22:19.744Z,98a832663b80
SOL->ETH,2,symbiosis,2026-09-23T14:22:28.648Z,2026-09-23T14:22:28.649Z,0.001,0.01,96.67081,False,96.3787,,,96.3787,29.21,0.15,44.21,0.001,OK,,2026-09-23T14:22:16.319Z,2026-09-23T14:22:17.847Z,2026-09-23T14:22:16.317Z,2026-09-23T14:22:20.005Z,98a832663b80
ETH->SOL,2,relay,2026-09-23T14:23:47.144Z,2026-09-23T14:23:47.141Z,0.003,0.008,99.696651,False,99.945717,,,99.945717,-24.91,0.05,-19.91,0.003,OK,,2026-09-23T14:23:01.562Z,2026-09-23T14:23:02.870Z,2026-09-23T14:23:01.546Z,2026-09-23T14:23:03.598Z,137ec5258862
ETH->SOL,2,debridge,2026-09-23T14:23:47.144Z,2026-09-23T14:23:47.140Z,0.004,0.008,97.8387,False,99.920018,2.0844,97.835618,97.835618,0.31,0.05,5.31,0.004,OK,+2.0844 USDC charged on top of 100 input (subtracted),2026-09-23T14:23:01.562Z,2026-09-23T14:23:02.870Z,2026-09-23T14:23:01.551Z,2026-09-23T14:23:03.437Z,137ec5258862
ETH->SOL,2,lifi,2026-09-23T14:23:47.144Z,2026-09-23T14:23:47.142Z,0.002,0.008,98.995817,False,99.945717,,,99.945717,-94.99,0.05,-89.99,0.002,OK,Jumper Best Return via Relay; max route 100.0,2026-09-23T14:23:01.562Z,2026-09-23T14:23:02.870Z,2026-09-23T14:23:01.552Z,2026-09-23T14:23:04.129Z,137ec5258862
ETH->SOL,2,across,2026-09-23T14:23:47.144Z,2026-09-23T14:23:47.139Z,0.005,0.008,,,99.99,,,99.99,,0.05,,0.005,OK,,2026-09-23T14:23:01.562Z,2026-09-23T14:23:02.870Z,2026-09-23T14:23:01.550Z,2026-09-23T14:23:02.967Z,137ec5258862
ETH->SOL,2,mayan,2026-09-23T14:23:47.144Z,2026-09-23T14:23:47.140Z,0.004,0.008,98.970404,False,98.9619,,,98.9619,0.85,0.05,5.85,0.004,OK,Swift v2; UI shows 4 dp,2026-09-23T14:23:01.562Z,2026-09-23T14:23:02.870Z,2026-09-23T14:23:01.545Z,2026-09-23T14:23:03.274Z,137ec5258862
ETH->SOL,2,allbridge,2026-09-23T14:23:47.144Z,2026-09-23T14:23:47.139Z,0.005,0.008,99.85005,False,99.9,0.000137,,99.9,-5.0,0.05,0.0,0.005,OK,"+0.000137 ETH (relayer fee, fee=native) charged on top of 100 input (not converted)",2026-09-23T14:23:01.562Z,2026-09-23T14:23:02.870Z,2026-09-23T14:23:01.563Z,2026-09-23T14:23:03.041Z,137ec5258862
ETH->SOL,2,cctp,2026-09-23T14:23:47.144Z,2026-09-23T14:23:47.145Z,0.001,0.008,99.781658,False,99.980001,,,99.980001,-19.83,0.05,-14.83,0.001,OK,via Portal (CCTPv2FastExecutorRoute); executor fee hidden until wallet connect,2026-09-23T14:23:01.562Z,2026-09-23T14:23:02.870Z,2026-09-23T14:23:01.554Z,2026-09-23T14:23:05.119Z,137ec5258862
ETH->SOL,2,husher,2026-09-23T14:23:47.144Z,2026-09-23T14:23:47.140Z,0.004,0.008,99.45025,False,99.35,,,99.35,10.03,0.05,15.03,0.004,OK,,2026-09-23T14:23:01.562Z,2026-09-23T14:23:02.870Z,2026-09-23T14:23:01.579Z,2026-09-23T14:23:03.193Z,137ec5258862
ETH->SOL,2,layerswap,2026-09-23T14:23:47.144Z,2026-09-23T14:23:47.143Z,0.001,0.008,99.601114,False,99.682776,,,99.682776,-8.17,0.05,-3.17,0.001,OK,,2026-09-23T14:23:01.562Z,2026-09-23T14:23:02.870Z,2026-09-23T14:23:01.546Z,2026-09-23T14:23:04.153Z,137ec5258862
ETH->SOL,2,meson,2026-09-23T14:23:47.144Z,2026-09-23T14:23:47.137Z,0.007,0.008,99.45025,False,99.1,,,99.1,35.03,0.05,40.03,0.007,OK,,2026-09-23T14:23:01.562Z,2026-09-23T14:23:02.870Z,2026-09-23T14:23:01.580Z,2026-09-23T14:23:02.198Z,137ec5258862
ETH->SOL,2,simpleswap,2026-09-23T14:23:47.144Z,2026-09-23T14:23:47.137Z,0.007,0.008,95.326357,False,,,,,,0.05,,0.007,NO_QUOTE,selected card: None; best card None,2026-09-23T14:23:01.562Z,2026-09-23T14:23:02.870Z,2026-09-23T14:23:01.575Z,,137ec5258862
ETH->SOL,2,skip-go,2026-09-23T14:23:47.144Z,2026-09-23T14:23:47.145Z,0.001,0.008,99.68794,False,99.72581,,,99.72581,-3.79,0.05,1.21,0.001,OK,,2026-09-23T14:23:01.562Z,2026-09-23T14:23:02.870Z,2026-09-23T14:23:01.562Z,2026-09-23T14:23:04.496Z,137ec5258862
ETH->SOL,2,symbiosis,2026-09-23T14:23:47.144Z,2026-09-23T14:23:47.144Z,0.0,0.008,98.951612,False,98.951612,,,98.951612,0.0,0.05,5.0,0.0,OK,,2026-09-23T14:23:01.562Z,2026-09-23T14:23:02.870Z,2026-09-23T14:23:01.548Z,2026-09-23T14:23:04.395Z,137ec5258862
SOL->BSC,2,relay,2026-09-23T14:24:42.081Z,2026-09-23T14:24:42.080Z,0.001,0.005,99.58515,False,99.640814,,,99.640814,-5.57,0.05,-0.57,0.001,OK,,2026-09-23T14:24:12.906Z,2026-09-23T14:24:13.884Z,2026-09-23T14:24:12.907Z,2026-09-23T14:24:15.029Z,f05078ea1a82
SOL->BSC,2,debridge,2026-09-23T14:24:42.081Z,2026-09-23T14:24:42.080Z,0.001,0.005,98.685318,False,99.920015,1.2357,98.684315,98.684315,0.1,0.05,5.1,0.001,OK,+1.2357 USDC charged on top of 100 input (subtracted),2026-09-23T14:24:12.906Z,2026-09-23T14:24:13.884Z,2026-09-23T14:24:12.906Z,2026-09-23T14:24:15.031Z,f05078ea1a82
SOL->BSC,2,lifi,2026-09-23T14:24:42.081Z,2026-09-23T14:24:42.077Z,0.004,0.005,99.178502,False,99.93159,,,99.93159,-75.31,0.05,-70.31,0.004,OK,Jumper Best Return via Mayan (Swift); max route 99.93159,2026-09-23T14:24:12.906Z,2026-09-23T14:24:13.884Z,2026-09-23T14:24:12.910Z,2026-09-23T14:24:39.934Z,f05078ea1a82
SOL->BSC,2,across,2026-09-23T14:24:42.081Z,2026-09-23T14:24:42.079Z,0.002,0.005,,,99.982214,,,99.982214,,0.05,,0.002,OK,,2026-09-23T14:24:12.906Z,2026-09-23T14:24:13.884Z,2026-09-23T14:24:12.906Z,2026-09-23T14:24:14.756Z,f05078ea1a82
SOL->BSC,2,mayan,2026-09-23T14:24:42.081Z,2026-09-23T14:24:42.079Z,0.002,0.005,99.881595,True,99.931,,,99.931,-4.94,0.05,0.06,0.002,OK,Swift v2; UI shows 3 dp,2026-09-23T14:24:12.906Z,2026-09-23T14:24:13.884Z,2026-09-23T14:24:12.905Z,2026-09-23T14:24:14.406Z,f05078ea1a82
SOL->BSC,2,husher,2026-09-23T14:24:42.081Z,2026-09-23T14:24:42.078Z,0.003,0.005,99.7501,False,99.65,,,99.65,10.01,0.05,15.01,0.003,OK,,2026-09-23T14:24:12.906Z,2026-09-23T14:24:13.884Z,2026-09-23T14:24:12.919Z,2026-09-23T14:24:14.160Z,f05078ea1a82
SOL->BSC,2,layerswap,2026-09-23T14:24:42.081Z,2026-09-23T14:24:42.081Z,0.0,0.005,99.678474,False,99.863123,,,99.863123,-18.46,0.05,-13.46,0.0,OK,,2026-09-23T14:24:12.906Z,2026-09-23T14:24:13.884Z,2026-09-23T14:24:12.906Z,2026-09-23T14:24:15.415Z,f05078ea1a82
SOL->BSC,2,meson,2026-09-23T14:24:42.081Z,2026-09-23T14:24:42.078Z,0.003,0.005,99.85005,True,99.88,,,99.88,-2.99,0.05,2.01,0.003,OK,,2026-09-23T14:24:12.906Z,2026-09-23T14:24:13.884Z,2026-09-23T14:24:12.919Z,2026-09-23T14:24:13.695Z,f05078ea1a82
SOL->BSC,2,simpleswap,2026-09-23T14:24:42.081Z,2026-09-23T14:24:42.082Z,0.001,0.005,97.612046,False,98.139,,,98.139,-52.7,0.05,-47.7,0.001,OK,selected card: Best rate; best card 98.139,2026-09-23T14:24:12.906Z,2026-09-23T14:24:13.884Z,2026-09-23T14:24:12.920Z,2026-09-23T14:24:15.553Z,f05078ea1a82
BSC->SOL,2,relay,2026-09-23T14:25:12.872Z,2026-09-23T14:25:12.871Z,0.001,0.003,99.635366,False,99.885709,,,99.885709,-25.03,0.05,-20.03,0.001,OK,,2026-09-23T14:25:07.466Z,2026-09-23T14:25:08.820Z,2026-09-23T14:25:07.466Z,2026-09-23T14:25:09.600Z,2422392f0b38
BSC->SOL,2,debridge,2026-09-23T14:25:12.872Z,2026-09-23T14:25:12.870Z,0.002,0.003,98.912332,False,99.920017,1.0085,98.911517,98.911517,0.08,0.05,5.08,0.002,OK,+1.0085 USDC charged on top of 100 input (subtracted),2026-09-23T14:25:07.466Z,2026-09-23T14:25:08.820Z,2026-09-23T14:25:07.467Z,2026-09-23T14:25:09.558Z,2422392f0b38
BSC->SOL,2,lifi,2026-09-23T14:25:12.872Z,2026-09-23T14:25:12.871Z,0.001,0.003,99.169579,False,99.885709,,,99.885709,-71.61,0.05,-66.61,0.001,OK,Jumper Best Return via Relay; max route 99.885709,2026-09-23T14:25:07.466Z,2026-09-23T14:25:08.820Z,2026-09-23T14:25:07.476Z,2026-09-23T14:25:10.200Z,2422392f0b38
BSC->SOL,2,across,2026-09-23T14:25:12.872Z,2026-09-23T14:25:12.869Z,0.003,0.003,,,99.982188,,,99.982188,,0.05,,0.003,OK,,2026-09-23T14:25:07.466Z,2026-09-23T14:25:08.820Z,2026-09-23T14:25:07.465Z,2026-09-23T14:25:08.809Z,2422392f0b38
BSC->SOL,2,mayan,2026-09-23T14:25:12.872Z,2026-09-23T14:25:12.870Z,0.002,0.003,99.639692,False,99.689,,,99.689,-4.93,0.05,0.07,0.002,OK,Swift v2; UI shows 3 dp,2026-09-23T14:25:07.466Z,2026-09-23T14:25:08.820Z,2026-09-23T14:25:07.457Z,2026-09-23T14:25:09.066Z,2422392f0b38
BSC->SOL,2,husher,2026-09-23T14:25:12.872Z,2026-09-23T14:25:12.870Z,0.002,0.003,99.45025,False,99.35,,,99.35,10.03,0.05,15.03,0.002,OK,,2026-09-23T14:25:07.466Z,2026-09-23T14:25:08.820Z,2026-09-23T14:25:07.480Z,2026-09-23T14:25:09.067Z,2422392f0b38
BSC->SOL,2,layerswap,2026-09-23T14:25:12.872Z,2026-09-23T14:25:12.871Z,0.001,0.003,99.505806,False,99.635089,,,99.635089,-12.93,0.05,-7.93,0.001,OK,,2026-09-23T14:25:07.466Z,2026-09-23T14:25:08.820Z,2026-09-23T14:25:07.465Z,2026-09-23T14:25:09.779Z,2422392f0b38
BSC->SOL,2,meson,2026-09-23T14:25:12.872Z,2026-09-23T14:25:12.869Z,0.003,0.003,99.45025,False,99.6,,,99.6,-14.97,0.05,-9.97,0.003,OK,,2026-09-23T14:25:07.466Z,2026-09-23T14:25:08.820Z,2026-09-23T14:25:07.480Z,2026-09-23T14:25:08.525Z,2422392f0b38
BSC->SOL,2,simpleswap,2026-09-23T14:25:12.872Z,2026-09-23T14:25:12.872Z,0.0,0.003,97.565873,False,98.180302,,,98.180302,-61.44,0.05,-56.44,0.0,OK,selected card: Best rate; best card 98.180302,2026-09-23T14:25:07.466Z,2026-09-23T14:25:08.820Z,2026-09-23T14:25:07.479Z,2026-09-23T14:25:10.219Z,2422392f0b38
BSC->SOL,2,symbiosis,2026-09-23T14:25:12.872Z,2026-09-23T14:25:12.869Z,0.003,0.003,98.360523,False,98.360523,,,98.360523,0.0,0.05,5.0,0.003,OK,,2026-09-23T14:25:07.466Z,2026-09-23T14:25:08.820Z,2026-09-23T14:25:07.466Z,2026-09-23T14:25:10.704Z,2422392f0b38
SOL->Base,2,relay,2026-09-23T14:25:46.682Z,2026-09-23T14:25:46.682Z,0.0,0.004,99.857683,False,99.933529,,,99.933529,-7.58,0.05,-2.58,0.0,OK,,2026-09-23T14:25:40.428Z,2026-09-23T14:25:41.751Z,2026-09-23T14:25:40.427Z,2026-09-23T14:25:42.354Z,1af5e1adf0b0
SOL->Base,2,debridge,2026-09-23T14:25:46.682Z,2026-09-23T14:25:46.681Z,0.001,0.004,98.882688,False,99.920018,1.0382,98.881818,98.881818,0.09,0.05,5.09,0.001,OK,+1.0382 USDC charged on top of 100 input (subtracted),2026-09-23T14:25:40.428Z,2026-09-23T14:25:41.751Z,2026-09-23T14:25:40.428Z,2026-09-23T14:25:42.127Z,1af5e1adf0b0
SOL->Base,2,lifi,2026-09-23T14:25:46.682Z,2026-09-23T14:25:46.680Z,0.002,0.004,99.500625,False,100.0,,,100.0,-49.94,0.05,-44.94,0.002,OK,Jumper Best Return via Eco; max route 100.0,2026-09-23T14:25:40.428Z,2026-09-23T14:25:41.751Z,2026-09-23T14:25:40.429Z,2026-09-23T14:25:44.523Z,1af5e1adf0b0
SOL->Base,2,across,2026-09-23T14:25:46.682Z,2026-09-23T14:25:46.681Z,0.001,0.004,99.940005,False,99.99,,,99.99,-5.0,0.05,0.0,0.001,OK,,2026-09-23T14:25:40.428Z,2026-09-23T14:25:41.751Z,2026-09-23T14:25:40.427Z,2026-09-23T14:25:42.104Z,1af5e1adf0b0
SOL->Base,2,mayan,2026-09-23T14:25:46.682Z,2026-09-23T14:25:46.681Z,0.001,0.004,99.883275,True,99.933,,,99.933,-4.97,0.05,0.03,0.001,OK,Swift v2; UI shows 3 dp,2026-09-23T14:25:40.428Z,2026-09-23T14:25:41.751Z,2026-09-23T14:25:40.424Z,2026-09-23T14:25:42.103Z,1af5e1adf0b0
SOL->Base,2,allbridge,2026-09-23T14:25:46.682Z,2026-09-23T14:25:46.682Z,0.0,0.004,99.85005,True,99.9,0.002418,,99.9,-5.0,0.05,0.0,0.0,OK,"+0.002418 SOL (relayer fee, fee=native) charged on top of 100 input (not converted)",2026-09-23T14:25:40.428Z,2026-09-23T14:25:41.751Z,2026-09-23T14:25:40.429Z,2026-09-23T14:25:41.884Z,1af5e1adf0b0
SOL->Base,2,cctp,2026-09-23T14:25:46.682Z,2026-09-23T14:25:46.684Z,0.002,0.004,99.879135,True,99.99,,,99.99,-11.09,0.05,-6.09,0.002,OK,via Portal (CCTPv2StandardExecutorRoute); executor fee hidden until wallet connect,2026-09-23T14:25:40.428Z,2026-09-23T14:25:41.751Z,2026-09-23T14:25:40.430Z,2026-09-23T14:25:44.327Z,1af5e1adf0b0
SOL->Base,2,husher,2026-09-23T14:25:46.682Z,2026-09-23T14:25:46.682Z,0.0,0.004,99.5502,False,99.45,,,99.45,10.02,0.05,15.02,0.0,OK,,2026-09-23T14:25:40.428Z,2026-09-23T14:25:41.751Z,2026-09-23T14:25:40.431Z,2026-09-23T14:25:42.118Z,1af5e1adf0b0
SOL->Base,2,layerswap,2026-09-23T14:25:46.682Z,2026-09-23T14:25:46.682Z,0.0,0.004,99.679394,False,99.864047,,,99.864047,-18.47,0.05,-13.47,0.0,OK,,2026-09-23T14:25:40.428Z,2026-09-23T14:25:41.751Z,2026-09-23T14:25:40.426Z,2026-09-23T14:25:43.019Z,1af5e1adf0b0
SOL->Base,2,meson,2026-09-23T14:25:46.682Z,2026-09-23T14:25:46.681Z,0.001,0.004,99.85005,True,99.84,,,99.84,1.0,0.05,6.0,0.001,OK,,2026-09-23T14:25:40.428Z,2026-09-23T14:25:41.751Z,2026-09-23T14:25:40.431Z,2026-09-23T14:25:40.981Z,1af5e1adf0b0
SOL->Base,2,simpleswap,2026-09-23T14:25:46.682Z,2026-09-23T14:25:46.684Z,0.002,0.004,97.544185,False,98.492477,,,98.492477,-94.83,0.05,-89.83,0.002,OK,selected card: Best rate / Decentralized; best card 98.492477,2026-09-23T14:25:40.428Z,2026-09-23T14:25:41.751Z,2026-09-23T14:25:40.432Z,2026-09-23T14:25:43.482Z,1af5e1adf0b0
SOL->Base,2,skip-go,2026-09-23T14:25:46.682Z,2026-09-23T14:25:46.683Z,0.001,0.004,99.943099,False,99.9811,,,99.9811,-3.8,0.05,1.2,0.001,OK,,2026-09-23T14:25:40.428Z,2026-09-23T14:25:41.751Z,2026-09-23T14:25:40.429Z,2026-09-23T14:25:43.164Z,1af5e1adf0b0
Base->SOL,2,relay,2026-09-23T14:26:20.602Z,2026-09-23T14:26:20.600Z,0.002,0.004,99.695462,False,99.945697,,,99.945697,-25.02,0.05,-20.02,0.002,OK,,2026-09-23T14:26:14.638Z,2026-09-23T14:26:15.769Z,2026-09-23T14:26:14.636Z,2026-09-23T14:26:16.814Z,f6e4c5a164fd
Base->SOL,2,debridge,2026-09-23T14:26:20.602Z,2026-09-23T14:26:20.600Z,0.002,0.004,98.913392,False,99.880033,1.0214,98.858633,98.858633,5.48,0.05,10.48,0.002,OK,+1.0214 USDC charged on top of 100 input (subtracted),2026-09-23T14:26:14.638Z,2026-09-23T14:26:15.769Z,2026-09-23T14:26:14.637Z,2026-09-23T14:26:16.809Z,f6e4c5a164fd
Base->SOL,2,lifi,2026-09-23T14:26:20.602Z,2026-09-23T14:26:20.601Z,0.001,0.004,98.993364,False,100.0,,,100.0,-100.66,0.05,-95.66,0.001,OK,Jumper Best Return via Polymer (Standard); max route 100.0,2026-09-23T14:26:14.638Z,2026-09-23T14:26:15.769Z,2026-09-23T14:26:14.642Z,2026-09-23T14:26:17.126Z,f6e4c5a164fd
Base->SOL,2,across,2026-09-23T14:26:20.602Z,2026-09-23T14:26:20.598Z,0.004,0.004,,,99.987,,,99.987,,0.05,,0.004,OK,,2026-09-23T14:26:14.638Z,2026-09-23T14:26:15.769Z,2026-09-23T14:26:14.637Z,2026-09-23T14:26:16.080Z,f6e4c5a164fd
Base->SOL,2,mayan,2026-09-23T14:26:20.602Z,2026-09-23T14:26:20.599Z,0.003,0.004,99.636593,False,99.686,,,99.686,-4.94,0.05,0.06,0.003,OK,Swift v2; UI shows 3 dp,2026-09-23T14:26:14.638Z,2026-09-23T14:26:15.769Z,2026-09-23T14:26:14.636Z,2026-09-23T14:26:16.159Z,f6e4c5a164fd
Base->SOL,2,allbridge,2026-09-23T14:26:20.602Z,2026-09-23T14:26:20.600Z,0.002,0.004,99.85005,False,99.9,0.000136,,99.9,-5.0,0.05,0.0,0.002,OK,"+0.000136 ETH (relayer fee, fee=native) charged on top of 100 input (not converted)",2026-09-23T14:26:14.638Z,2026-09-23T14:26:15.769Z,2026-09-23T14:26:14.638Z,2026-09-23T14:26:16.128Z,f6e4c5a164fd
Base->SOL,2,cctp,2026-09-23T14:26:20.602Z,2026-09-23T14:26:20.598Z,0.004,0.004,99.789518,False,99.977001,,,99.977001,-18.75,0.05,-13.75,0.004,OK,via Portal (CCTPv2FastExecutorRoute); executor fee hidden until wallet connect,2026-09-23T14:26:14.638Z,2026-09-23T14:26:15.769Z,2026-09-23T14:26:14.641Z,2026-09-23T14:26:18.427Z,f6e4c5a164fd
Base->SOL,2,husher,2026-09-23T14:26:20.602Z,2026-09-23T14:26:20.598Z,0.004,0.004,99.45025,False,99.35,,,99.35,10.03,0.05,15.03,0.004,OK,,2026-09-23T14:26:14.638Z,2026-09-23T14:26:15.769Z,2026-09-23T14:26:14.643Z,2026-09-23T14:26:16.057Z,f6e4c5a164fd
Base->SOL,2,layerswap,2026-09-23T14:26:20.602Z,2026-09-23T14:26:20.600Z,0.002,0.004,99.601411,False,99.683073,,,99.683073,-8.17,0.05,-3.17,0.002,OK,,2026-09-23T14:26:14.638Z,2026-09-23T14:26:15.769Z,2026-09-23T14:26:14.636Z,2026-09-23T14:26:17.051Z,f6e4c5a164fd
Base->SOL,2,meson,2026-09-23T14:26:20.602Z,2026-09-23T14:26:20.598Z,0.004,0.004,99.45025,False,99.6,,,99.6,-14.97,0.05,-9.97,0.004,OK,,2026-09-23T14:26:14.638Z,2026-09-23T14:26:15.769Z,2026-09-23T14:26:14.645Z,2026-09-23T14:26:15.214Z,f6e4c5a164fd
Base->SOL,2,simpleswap,2026-09-23T14:26:20.602Z,2026-09-23T14:26:20.601Z,0.001,0.004,97.706799,False,98.484783,,,98.484783,-77.8,0.05,-72.8,0.001,OK,selected card: Best rate / Decentralized; best card 98.484783,2026-09-23T14:26:14.638Z,2026-09-23T14:26:15.769Z,2026-09-23T14:26:14.643Z,2026-09-23T14:26:17.412Z,f6e4c5a164fd
Base->SOL,2,skip-go,2026-09-23T14:26:20.602Z,2026-09-23T14:26:20.601Z,0.001,0.004,99.690434,False,99.72471,,,99.72471,-3.43,0.05,1.57,0.001,OK,,2026-09-23T14:26:14.638Z,2026-09-23T14:26:15.769Z,2026-09-23T14:26:14.640Z,2026-09-23T14:26:17.205Z,f6e4c5a164fd
Base->SOL,2,symbiosis,2026-09-23T14:26:20.602Z,2026-09-23T14:26:20.602Z,0.0,0.004,98.362893,False,98.349396,,,98.349396,1.35,0.05,6.35,0.0,OK,,2026-09-23T14:26:14.638Z,2026-09-23T14:26:15.769Z,2026-09-23T14:26:14.638Z,2026-09-23T14:26:18.055Z,f6e4c5a164fd
SOL->ETH,3,relay,2026-09-23T14:26:54.591Z,2026-09-23T14:26:54.589Z,0.002,0.006,99.017721,False,99.260036,,,99.260036,-24.23,0.05,-19.23,0.002,OK,,2026-09-23T14:26:48.253Z,2026-09-23T14:26:49.452Z,2026-09-23T14:26:48.252Z,2026-09-23T14:26:50.584Z,7b6afa30c92d
SOL->ETH,3,debridge,2026-09-23T14:26:54.591Z,2026-09-23T14:26:54.593Z,0.002,0.006,97.026152,False,99.880033,2.8199,97.060133,97.060133,-3.4,0.15,11.6,0.002,OK,+2.8199 USDC charged on top of 100 input (subtracted),2026-09-23T14:26:48.253Z,2026-09-23T14:26:49.452Z,2026-09-23T14:26:48.253Z,2026-09-23T14:26:51.726Z,7b6afa30c92d
SOL->ETH,3,lifi,2026-09-23T14:26:54.591Z,2026-09-23T14:26:54.591Z,0.0,0.006,98.86696,False,99.260036,,,99.260036,-39.31,0.15,-24.31,0.0,OK,Jumper Best Return via Relay; max route 99.99,2026-09-23T14:26:48.253Z,2026-09-23T14:26:49.452Z,2026-09-23T14:26:48.255Z,2026-09-23T14:26:51.678Z,7b6afa30c92d
SOL->ETH,3,across,2026-09-23T14:26:54.591Z,2026-09-23T14:26:54.589Z,0.002,0.006,99.840015,False,99.99,,,99.99,-15.0,0.15,0.0,0.002,OK,,2026-09-23T14:26:48.253Z,2026-09-23T14:26:49.452Z,2026-09-23T14:26:48.251Z,2026-09-23T14:26:50.556Z,7b6afa30c92d
SOL->ETH,3,mayan,2026-09-23T14:26:54.591Z,2026-09-23T14:26:54.588Z,0.003,0.006,96.851035,True,96.851,,,96.851,0.0,0.15,15.0,0.003,OK,Swift v2; UI shows 3 dp,2026-09-23T14:26:48.253Z,2026-09-23T14:26:49.452Z,2026-09-23T14:26:48.251Z,2026-09-23T14:26:50.100Z,7b6afa30c92d
SOL->ETH,3,allbridge,2026-09-23T14:26:54.591Z,2026-09-23T14:26:54.590Z,0.001,0.006,99.75015,True,99.9,0.015393,,99.9,-14.99,0.15,0.01,0.001,OK,"+0.015393 SOL (relayer fee, fee=native) charged on top of 100 input (not converted)",2026-09-23T14:26:48.253Z,2026-09-23T14:26:49.452Z,2026-09-23T14:26:48.257Z,2026-09-23T14:26:50.605Z,7b6afa30c92d
SOL->ETH,3,cctp,2026-09-23T14:26:54.591Z,2026-09-23T14:26:54.588Z,0.003,0.006,96.397468,True,99.99,,,99.99,-359.25,0.15,-344.25,0.003,OK,via Portal (CCTPv2StandardExecutorRoute); executor fee hidden until wallet connect,2026-09-23T14:26:48.253Z,2026-09-23T14:26:49.452Z,2026-09-23T14:26:48.253Z,2026-09-23T14:26:52.395Z,7b6afa30c92d
SOL->ETH,3,husher,2026-09-23T14:26:54.591Z,2026-09-23T14:26:54.589Z,0.002,0.006,99.1504,False,99.05,,,99.05,10.04,0.15,25.04,0.002,OK,,2026-09-23T14:26:48.253Z,2026-09-23T14:26:49.452Z,2026-09-23T14:26:48.257Z,2026-09-23T14:26:50.583Z,7b6afa30c92d
SOL->ETH,3,layerswap,2026-09-23T14:26:54.591Z,2026-09-23T14:26:54.592Z,0.001,0.006,99.42273,False,99.706546,,,99.706546,-28.38,0.15,-13.38,0.001,OK,,2026-09-23T14:26:48.253Z,2026-09-23T14:26:49.452Z,2026-09-23T14:26:48.251Z,2026-09-23T14:26:51.705Z,7b6afa30c92d
SOL->ETH,3,meson,2026-09-23T14:26:54.591Z,2026-09-23T14:26:54.588Z,0.003,0.006,99.75015,True,98.67,,,98.67,108.02,0.15,123.02,0.003,OK,,2026-09-23T14:26:48.253Z,2026-09-23T14:26:49.452Z,2026-09-23T14:26:48.257Z,2026-09-23T14:26:49.692Z,7b6afa30c92d
SOL->ETH,3,simpleswap,2026-09-23T14:26:54.591Z,2026-09-23T14:26:54.594Z,0.003,0.006,96.790074,False,98.205814,,,98.205814,-141.57,0.15,-126.57,0.003,OK,selected card: Best rate / Decentralized; best card 98.205814,2026-09-23T14:26:48.253Z,2026-09-23T14:26:49.452Z,2026-09-23T14:26:48.258Z,2026-09-23T14:26:52.307Z,7b6afa30c92d
SOL->ETH,3,skip-go,2026-09-23T14:26:54.591Z,2026-09-23T14:26:54.592Z,0.001,0.006,96.711186,False,97.44691,,,97.44691,-73.57,0.15,-58.57,0.001,OK,,2026-09-23T14:26:48.253Z,2026-09-23T14:26:49.452Z,2026-09-23T14:26:48.253Z,2026-09-23T14:26:51.726Z,7b6afa30c92d
SOL->ETH,3,symbiosis,2026-09-23T14:26:54.591Z,2026-09-23T14:26:54.591Z,0.0,0.006,96.510498,False,96.510498,,,96.510498,0.0,0.15,15.0,0.0,OK,,2026-09-23T14:26:48.253Z,2026-09-23T14:26:49.452Z,2026-09-23T14:26:48.252Z,2026-09-23T14:26:51.709Z,7b6afa30c92d
ETH->SOL,3,relay,2026-09-23T14:27:28.356Z,2026-09-23T14:27:28.355Z,0.001,0.004,99.696812,False,99.945713,,,99.945713,-24.89,0.05,-19.89,0.001,OK,,2026-09-23T14:27:21.676Z,2026-09-23T14:27:23.278Z,2026-09-23T14:27:21.671Z,2026-09-23T14:27:24.111Z,e5f54d8d4b76
ETH->SOL,3,debridge,2026-09-23T14:27:28.356Z,2026-09-23T14:27:28.355Z,0.001,0.004,98.077794,False,99.880035,6.6166,93.263435,93.263435,481.44,0.05,486.44,0.001,OK,+6.6166 USDC charged on top of 100 input (subtracted),2026-09-23T14:27:21.676Z,2026-09-23T14:27:23.278Z,2026-09-23T14:27:21.675Z,2026-09-23T14:27:24.092Z,e5f54d8d4b76
ETH->SOL,3,lifi,2026-09-23T14:27:28.356Z,2026-09-23T14:27:28.356Z,0.0,0.004,98.99596,False,99.945713,,,99.945713,-94.98,0.05,-89.98,0.0,OK,Jumper Best Return via Relay; max route 100.0,2026-09-23T14:27:21.676Z,2026-09-23T14:27:23.278Z,2026-09-23T14:27:21.678Z,2026-09-23T14:27:24.934Z,e5f54d8d4b76
ETH->SOL,3,across,2026-09-23T14:27:28.356Z,2026-09-23T14:27:28.355Z,0.001,0.004,,,99.99,,,99.99,,0.05,,0.001,OK,,2026-09-23T14:27:21.676Z,2026-09-23T14:27:23.278Z,2026-09-23T14:27:21.670Z,2026-09-23T14:27:23.874Z,e5f54d8d4b76
ETH->SOL,3,mayan,2026-09-23T14:27:28.356Z,2026-09-23T14:27:28.354Z,0.002,0.004,99.028479,False,99.0287,,,99.0287,-0.02,0.05,4.98,0.002,OK,Swift v2; UI shows 4 dp,2026-09-23T14:27:21.676Z,2026-09-23T14:27:23.278Z,2026-09-23T14:27:21.669Z,2026-09-23T14:27:23.500Z,e5f54d8d4b76
ETH->SOL,3,allbridge,2026-09-23T14:27:28.356Z,2026-09-23T14:27:28.354Z,0.002,0.004,99.85005,False,99.9,0.000137,,99.9,-5.0,0.05,0.0,0.002,OK,"+0.000137 ETH (relayer fee, fee=native) charged on top of 100 input (not converted)",2026-09-23T14:27:21.676Z,2026-09-23T14:27:23.278Z,2026-09-23T14:27:21.679Z,2026-09-23T14:27:23.493Z,e5f54d8d4b76
ETH->SOL,3,cctp,2026-09-23T14:27:28.356Z,2026-09-23T14:27:28.353Z,0.003,0.004,99.78301,False,99.980001,,,99.980001,-19.7,0.05,-14.7,0.003,OK,via Portal (CCTPv2FastExecutorRoute); executor fee hidden until wallet connect,2026-09-23T14:27:21.676Z,2026-09-23T14:27:23.278Z,2026-09-23T14:27:21.679Z,2026-09-23T14:27:26.203Z,e5f54d8d4b76
ETH->SOL,3,husher,2026-09-23T14:27:28.356Z,2026-09-23T14:27:28.354Z,0.002,0.004,99.45025,False,99.35,,,99.35,10.03,0.05,15.03,0.002,OK,,2026-09-23T14:27:21.676Z,2026-09-23T14:27:23.278Z,2026-09-23T14:27:21.680Z,2026-09-23T14:27:23.502Z,e5f54d8d4b76
ETH->SOL,3,layerswap,2026-09-23T14:27:28.356Z,2026-09-23T14:27:28.356Z,0.0,0.004,99.601095,False,99.682757,,,99.682757,-8.17,0.05,-3.17,0.0,OK,,2026-09-23T14:27:21.676Z,2026-09-23T14:27:23.278Z,2026-09-23T14:27:21.670Z,2026-09-23T14:27:24.282Z,e5f54d8d4b76
ETH->SOL,3,meson,2026-09-23T14:27:28.356Z,2026-09-23T14:27:28.354Z,0.002,0.004,99.45025,False,99.1,,,99.1,35.03,0.05,40.03,0.002,OK,,2026-09-23T14:27:21.676Z,2026-09-23T14:27:23.278Z,2026-09-23T14:27:21.681Z,2026-09-23T14:27:22.613Z,e5f54d8d4b76
ETH->SOL,3,simpleswap,2026-09-23T14:27:28.356Z,2026-09-23T14:27:28.357Z,0.001,0.004,95.704517,False,98.479738,,,98.479738,-277.52,0.05,-272.52,0.001,OK,selected card: Best rate / Decentralized; best card 98.479738,2026-09-23T14:27:21.676Z,2026-09-23T14:27:23.278Z,2026-09-23T14:27:21.681Z,2026-09-23T14:27:25.024Z,e5f54d8d4b76
ETH->SOL,3,skip-go,2026-09-23T14:27:28.356Z,2026-09-23T14:27:28.357Z,0.001,0.004,99.69,False,99.72787,,,99.72787,-3.79,0.05,1.21,0.001,OK,,2026-09-23T14:27:21.676Z,2026-09-23T14:27:23.278Z,2026-09-23T14:27:21.678Z,2026-09-23T14:27:24.898Z,e5f54d8d4b76
ETH->SOL,3,symbiosis,2026-09-23T14:27:28.356Z,2026-09-23T14:27:28.357Z,0.001,0.004,98.95137,False,98.95137,,,98.95137,0.0,0.05,5.0,0.001,OK,,2026-09-23T14:27:21.676Z,2026-09-23T14:27:23.278Z,2026-09-23T14:27:21.673Z,2026-09-23T14:27:25.245Z,e5f54d8d4b76
SOL->BSC,3,relay,2026-09-23T14:28:40.088Z,2026-09-23T14:28:40.087Z,0.001,0.009,99.589005,False,99.63692,,,99.63692,-4.79,0.05,0.21,0.001,OK,,2026-09-23T14:27:54.703Z,2026-09-23T14:27:55.879Z,2026-09-23T14:27:54.702Z,2026-09-23T14:27:56.685Z,ccc3a38ec41f
SOL->BSC,3,debridge,2026-09-23T14:28:40.088Z,2026-09-23T14:28:40.086Z,0.002,0.009,98.683938,False,99.920016,1.2371,98.682916,98.682916,0.1,0.05,5.1,0.002,OK,+1.2371 USDC charged on top of 100 input (subtracted),2026-09-23T14:27:54.703Z,2026-09-23T14:27:55.879Z,2026-09-23T14:27:54.705Z,2026-09-23T14:27:56.433Z,ccc3a38ec41f
SOL->BSC,3,lifi,2026-09-23T14:28:40.088Z,2026-09-23T14:28:40.091Z,0.003,0.009,99.228124,False,99.931599,,,99.931599,-70.35,0.05,-65.35,0.003,OK,Jumper Best Return via Mayan (Swift); max route 99.931599,2026-09-23T14:27:54.703Z,2026-09-23T14:27:55.879Z,2026-09-23T14:27:54.706Z,2026-09-23T14:27:58.644Z,ccc3a38ec41f
SOL->BSC,3,across,2026-09-23T14:28:40.088Z,2026-09-23T14:28:40.085Z,0.003,0.009,,,99.972498,,,99.972498,,0.05,,0.003,OK,,2026-09-23T14:27:54.703Z,2026-09-23T14:27:55.879Z,2026-09-23T14:27:54.702Z,2026-09-23T14:27:56.182Z,ccc3a38ec41f
SOL->BSC,3,mayan,2026-09-23T14:28:40.088Z,2026-09-23T14:28:40.084Z,0.004,0.009,99.881629,True,99.931,,,99.931,-4.94,0.05,0.06,0.004,OK,Swift v2; UI shows 3 dp,2026-09-23T14:27:54.703Z,2026-09-23T14:27:55.879Z,2026-09-23T14:27:54.701Z,2026-09-23T14:27:55.940Z,ccc3a38ec41f
SOL->BSC,3,husher,2026-09-23T14:28:40.088Z,2026-09-23T14:28:40.084Z,0.004,0.009,99.7501,False,99.65,,,99.65,10.01,0.05,15.01,0.004,OK,,2026-09-23T14:27:54.703Z,2026-09-23T14:27:55.879Z,2026-09-23T14:27:54.706Z,2026-09-23T14:27:56.131Z,ccc3a38ec41f
SOL->BSC,3,layerswap,2026-09-23T14:28:40.088Z,2026-09-23T14:28:40.090Z,0.002,0.009,99.678481,False,99.863127,,,99.863127,-18.46,0.05,-13.46,0.002,OK,,2026-09-23T14:27:54.703Z,2026-09-23T14:27:55.879Z,2026-09-23T14:27:54.702Z,2026-09-23T14:27:57.075Z,ccc3a38ec41f
SOL->BSC,3,meson,2026-09-23T14:28:40.088Z,2026-09-23T14:28:40.083Z,0.005,0.009,99.85005,True,99.88,,,99.88,-2.99,0.05,2.01,0.005,OK,,2026-09-23T14:27:54.703Z,2026-09-23T14:27:55.879Z,2026-09-23T14:27:54.707Z,2026-09-23T14:27:55.142Z,ccc3a38ec41f
SOL->BSC,3,simpleswap,2026-09-23T14:28:40.088Z,2026-09-23T14:28:40.082Z,0.006,0.009,97.61133,False,,,,,,0.05,,0.006,NO_QUOTE,selected card: None; best card None,2026-09-23T14:27:54.703Z,2026-09-23T14:27:55.879Z,2026-09-23T14:27:54.706Z,,ccc3a38ec41f
BSC->SOL,3,relay,2026-09-23T14:29:48.304Z,2026-09-23T14:29:48.304Z,0.0,0.004,99.637163,False,99.885718,,,99.885718,-24.86,0.05,-19.86,0.0,OK,,2026-09-23T14:29:03.643Z,2026-09-23T14:29:04.725Z,2026-09-23T14:29:03.643Z,2026-09-23T14:29:06.058Z,c0c75cd5437e
BSC->SOL,3,debridge,2026-09-23T14:29:48.304Z,2026-09-23T14:29:48.303Z,0.001,0.004,98.910062,False,99.880032,1.0384,98.841632,98.841632,6.84,0.05,11.84,0.001,OK,+1.0384 USDC charged on top of 100 input (subtracted),2026-09-23T14:29:03.643Z,2026-09-23T14:29:04.725Z,2026-09-23T14:29:03.645Z,2026-09-23T14:29:05.660Z,c0c75cd5437e
BSC->SOL,3,lifi,2026-09-23T14:29:48.304Z,2026-09-23T14:29:48.301Z,0.003,0.004,98.87763,False,99.885718,,,99.885718,-100.81,0.05,-95.81,0.003,OK,Jumper Best Return via Relay; max route 99.885718,2026-09-23T14:29:03.643Z,2026-09-23T14:29:04.725Z,2026-09-23T14:29:03.645Z,2026-09-23T14:29:46.158Z,c0c75cd5437e
BSC->SOL,3,across,2026-09-23T14:29:48.304Z,2026-09-23T14:29:48.302Z,0.002,0.004,,,99.972442,,,99.972442,,0.05,,0.002,OK,,2026-09-23T14:29:03.643Z,2026-09-23T14:29:04.725Z,2026-09-23T14:29:03.643Z,2026-09-23T14:29:04.869Z,c0c75cd5437e
BSC->SOL,3,mayan,2026-09-23T14:29:48.304Z,2026-09-23T14:29:48.302Z,0.002,0.004,99.640843,False,99.69,,,99.69,-4.92,0.05,0.08,0.002,OK,Swift v2; UI shows 2 dp,2026-09-23T14:29:03.643Z,2026-09-23T14:29:04.725Z,2026-09-23T14:29:03.642Z,2026-09-23T14:29:04.973Z,c0c75cd5437e
BSC->SOL,3,husher,2026-09-23T14:29:48.304Z,2026-09-23T14:29:48.302Z,0.002,0.004,99.45025,False,99.35,,,99.35,10.03,0.05,15.03,0.002,OK,,2026-09-23T14:29:03.643Z,2026-09-23T14:29:04.725Z,2026-09-23T14:29:03.646Z,2026-09-23T14:29:04.976Z,c0c75cd5437e
BSC->SOL,3,layerswap,2026-09-23T14:29:48.304Z,2026-09-23T14:29:48.303Z,0.001,0.004,99.505617,False,99.634899,,,99.634899,-12.93,0.05,-7.93,0.001,OK,,2026-09-23T14:29:03.643Z,2026-09-23T14:29:04.725Z,2026-09-23T14:29:03.642Z,2026-09-23T14:29:05.768Z,c0c75cd5437e
BSC->SOL,3,meson,2026-09-23T14:29:48.304Z,2026-09-23T14:29:48.302Z,0.002,0.004,99.45025,False,99.6,,,99.6,-14.97,0.05,-9.97,0.002,OK,,2026-09-23T14:29:03.643Z,2026-09-23T14:29:04.725Z,2026-09-23T14:29:03.646Z,2026-09-23T14:29:04.034Z,c0c75cd5437e
BSC->SOL,3,simpleswap,2026-09-23T14:29:48.304Z,2026-09-23T14:29:48.304Z,0.0,0.004,97.567459,False,98.180302,,,98.180302,-61.28,0.05,-56.28,0.0,OK,selected card: Best rate; best card 98.180302,2026-09-23T14:29:03.643Z,2026-09-23T14:29:04.725Z,2026-09-23T14:29:03.647Z,2026-09-23T14:29:06.111Z,c0c75cd5437e
BSC->SOL,3,symbiosis,2026-09-23T14:29:48.304Z,2026-09-23T14:29:48.305Z,0.001,0.004,98.357827,False,98.357827,,,98.357827,0.0,0.05,5.0,0.001,OK,,2026-09-23T14:29:03.643Z,2026-09-23T14:29:04.725Z,2026-09-23T14:29:03.644Z,2026-09-23T14:29:06.743Z,c0c75cd5437e
SOL->Base,3,relay,2026-09-23T14:30:23.906Z,2026-09-23T14:30:23.904Z,0.002,0.004,99.887672,False,99.93512,,,99.93512,-4.74,0.05,0.26,0.002,OK,,2026-09-23T14:30:16.483Z,2026-09-23T14:30:18.135Z,2026-09-23T14:30:16.476Z,2026-09-23T14:30:18.758Z,cd568e10792d
SOL->Base,3,debridge,2026-09-23T14:30:23.906Z,2026-09-23T14:30:23.905Z,0.001,0.004,98.884023,False,99.880032,1.5222,98.357832,98.357832,52.62,0.05,57.62,0.001,OK,+1.5222 USDC charged on top of 100 input (subtracted),2026-09-23T14:30:16.483Z,2026-09-23T14:30:18.135Z,2026-09-23T14:30:16.485Z,2026-09-23T14:30:19.480Z,cd568e10792d
SOL->Base,3,lifi,2026-09-23T14:30:23.906Z,2026-09-23T14:30:23.903Z,0.003,0.004,99.500625,False,100.0,,,100.0,-49.94,0.05,-44.94,0.003,OK,Jumper Best Return via Eco; max route 100.0,2026-09-23T14:30:16.483Z,2026-09-23T14:30:18.135Z,2026-09-23T14:30:16.489Z,2026-09-23T14:30:21.772Z,cd568e10792d
SOL->Base,3,across,2026-09-23T14:30:23.906Z,2026-09-23T14:30:23.904Z,0.002,0.004,99.940005,False,99.99,,,99.99,-5.0,0.05,0.0,0.002,OK,,2026-09-23T14:30:16.483Z,2026-09-23T14:30:18.135Z,2026-09-23T14:30:16.480Z,2026-09-23T14:30:18.970Z,cd568e10792d
SOL->Base,3,mayan,2026-09-23T14:30:23.906Z,2026-09-23T14:30:23.904Z,0.002,0.004,99.891005,True,99.94,,,99.94,-4.9,0.05,0.1,0.002,OK,Swift v2; UI shows 2 dp,2026-09-23T14:30:16.483Z,2026-09-23T14:30:18.135Z,2026-09-23T14:30:16.475Z,2026-09-23T14:30:18.682Z,cd568e10792d
SOL->Base,3,allbridge,2026-09-23T14:30:23.906Z,2026-09-23T14:30:23.904Z,0.002,0.004,99.85005,True,99.9,0.002418,,99.9,-5.0,0.05,0.0,0.002,OK,"+0.002418 SOL (relayer fee, fee=native) charged on top of 100 input (not converted)",2026-09-23T14:30:16.483Z,2026-09-23T14:30:18.135Z,2026-09-23T14:30:16.490Z,2026-09-23T14:30:19.084Z,cd568e10792d
SOL->Base,3,cctp,2026-09-23T14:30:23.906Z,2026-09-23T14:30:23.907Z,0.001,0.004,99.879429,True,99.99,,,99.99,-11.06,0.05,-6.06,0.001,OK,via Portal (CCTPv2StandardExecutorRoute); executor fee hidden until wallet connect,2026-09-23T14:30:16.483Z,2026-09-23T14:30:18.135Z,2026-09-23T14:30:16.490Z,2026-09-23T14:30:21.373Z,cd568e10792d
SOL->Base,3,husher,2026-09-23T14:30:23.906Z,2026-09-23T14:30:23.905Z,0.001,0.004,99.5502,False,99.45,,,99.45,10.02,0.05,15.02,0.001,OK,,2026-09-23T14:30:16.483Z,2026-09-23T14:30:18.135Z,2026-09-23T14:30:16.491Z,2026-09-23T14:30:19.244Z,cd568e10792d
SOL->Base,3,layerswap,2026-09-23T14:30:23.906Z,2026-09-23T14:30:23.905Z,0.001,0.004,99.679401,False,99.864051,,,99.864051,-18.47,0.05,-13.47,0.001,OK,,2026-09-23T14:30:16.483Z,2026-09-23T14:30:18.135Z,2026-09-23T14:30:16.476Z,2026-09-23T14:30:19.562Z,cd568e10792d
SOL->Base,3,meson,2026-09-23T14:30:23.906Z,2026-09-23T14:30:23.903Z,0.003,0.004,99.85005,True,99.84,,,99.84,1.0,0.05,6.0,0.003,OK,,2026-09-23T14:30:16.483Z,2026-09-23T14:30:18.135Z,2026-09-23T14:30:16.492Z,2026-09-23T14:30:18.157Z,cd568e10792d
SOL->Base,3,simpleswap,2026-09-23T14:30:23.906Z,2026-09-23T14:30:23.906Z,0.0,0.004,97.511244,False,98.49159,,,98.49159,-98.03,0.05,-93.03,0.0,OK,selected card: Best rate / Decentralized; best card 98.49159,2026-09-23T14:30:16.483Z,2026-09-23T14:30:18.135Z,2026-09-23T14:30:16.493Z,2026-09-23T14:30:20.064Z,cd568e10792d
SOL->Base,3,skip-go,2026-09-23T14:30:23.906Z,2026-09-23T14:30:23.905Z,0.001,0.004,99.943883,False,99.98308,,,99.98308,-3.92,0.05,1.08,0.001,OK,,2026-09-23T14:30:16.483Z,2026-09-23T14:30:18.135Z,2026-09-23T14:30:16.485Z,2026-09-23T14:30:19.480Z,cd568e10792d
Base->SOL,3,relay,2026-09-23T14:30:58.847Z,2026-09-23T14:30:58.846Z,0.001,0.004,99.695571,False,99.945718,,,99.945718,-25.01,0.05,-20.01,0.001,OK,,2026-09-23T14:30:52.317Z,2026-09-23T14:30:53.701Z,2026-09-23T14:30:52.314Z,2026-09-23T14:30:54.481Z,8d7945ce786a
Base->SOL,3,debridge,2026-09-23T14:30:58.847Z,2026-09-23T14:30:58.845Z,0.002,0.004,98.913099,False,99.920018,1.0077,98.912318,98.912318,0.08,0.05,5.08,0.002,OK,+1.0077 USDC charged on top of 100 input (subtracted),2026-09-23T14:30:52.317Z,2026-09-23T14:30:53.701Z,2026-09-23T14:30:52.315Z,2026-09-23T14:30:54.480Z,8d7945ce786a
Base->SOL,3,lifi,2026-09-23T14:30:58.847Z,2026-09-23T14:30:58.847Z,0.0,0.004,98.993557,False,100.0,,,100.0,-100.64,0.05,-95.64,0.0,OK,Jumper Best Return via Polymer (Standard); max route 100.0,2026-09-23T14:30:52.317Z,2026-09-23T14:30:53.701Z,2026-09-23T14:30:52.320Z,2026-09-23T14:30:55.242Z,8d7945ce786a
Base->SOL,3,across,2026-09-23T14:30:58.847Z,2026-09-23T14:30:58.845Z,0.002,0.004,,,99.987,,,99.987,,0.05,,0.002,OK,,2026-09-23T14:30:52.317Z,2026-09-23T14:30:53.701Z,2026-09-23T14:30:52.313Z,2026-09-23T14:30:54.093Z,8d7945ce786a
Base->SOL,3,mayan,2026-09-23T14:30:58.847Z,2026-09-23T14:30:58.844Z,0.003,0.004,99.638812,False,99.688,,,99.688,-4.92,0.05,0.08,0.003,OK,Swift v2; UI shows 3 dp,2026-09-23T14:30:52.317Z,2026-09-23T14:30:53.701Z,2026-09-23T14:30:52.311Z,2026-09-23T14:30:53.893Z,8d7945ce786a
Base->SOL,3,allbridge,2026-09-23T14:30:58.847Z,2026-09-23T14:30:58.845Z,0.002,0.004,99.85005,False,99.9,0.000136,,99.9,-5.0,0.05,0.0,0.002,OK,"+0.000136 ETH (relayer fee, fee=native) charged on top of 100 input (not converted)",2026-09-23T14:30:52.317Z,2026-09-23T14:30:53.701Z,2026-09-23T14:30:52.318Z,2026-09-23T14:30:54.116Z,8d7945ce786a
Base->SOL,3,cctp,2026-09-23T14:30:58.847Z,2026-09-23T14:30:58.844Z,0.003,0.004,99.779596,False,99.977001,,,99.977001,-19.74,0.05,-14.74,0.003,OK,via Portal (CCTPv2FastExecutorRoute); executor fee hidden until wallet connect,2026-09-23T14:30:52.317Z,2026-09-23T14:30:53.701Z,2026-09-23T14:30:52.321Z,2026-09-23T14:30:56.711Z,8d7945ce786a
Base->SOL,3,husher,2026-09-23T14:30:58.847Z,2026-09-23T14:30:58.845Z,0.002,0.004,99.45025,False,99.35,,,99.35,10.03,0.05,15.03,0.002,OK,,2026-09-23T14:30:52.317Z,2026-09-23T14:30:53.701Z,2026-09-23T14:30:52.322Z,2026-09-23T14:30:54.101Z,8d7945ce786a
Base->SOL,3,layerswap,2026-09-23T14:30:58.847Z,2026-09-23T14:30:58.846Z,0.001,0.004,99.601501,False,99.683163,,,99.683163,-8.17,0.05,-3.17,0.001,OK,,2026-09-23T14:30:52.317Z,2026-09-23T14:30:53.701Z,2026-09-23T14:30:52.312Z,2026-09-23T14:30:55.025Z,8d7945ce786a
Base->SOL,3,meson,2026-09-23T14:30:58.847Z,2026-09-23T14:30:58.844Z,0.003,0.004,99.45025,False,99.6,,,99.6,-14.97,0.05,-9.97,0.003,OK,,2026-09-23T14:30:52.317Z,2026-09-23T14:30:53.701Z,2026-09-23T14:30:52.322Z,2026-09-23T14:30:53.187Z,8d7945ce786a
Base->SOL,3,simpleswap,2026-09-23T14:30:58.847Z,2026-09-23T14:30:58.847Z,0.0,0.004,97.708847,False,98.48504,,,98.48504,-77.62,0.05,-72.62,0.0,OK,selected card: Best rate / Decentralized; best card 98.48504,2026-09-23T14:30:52.317Z,2026-09-23T14:30:53.701Z,2026-09-23T14:30:52.323Z,2026-09-23T14:30:55.301Z,8d7945ce786a
Base->SOL,3,skip-go,2026-09-23T14:30:58.847Z,2026-09-23T14:30:58.846Z,0.001,0.004,99.69,False,99.72427,,,99.72427,-3.43,0.05,1.57,0.001,OK,,2026-09-23T14:30:52.317Z,2026-09-23T14:30:53.701Z,2026-09-23T14:30:52.316Z,2026-09-23T14:30:54.987Z,8d7945ce786a
Base->SOL,3,symbiosis,2026-09-23T14:30:58.847Z,2026-09-23T14:30:58.847Z,0.0,0.004,98.361511,False,98.363803,,,98.363803,-0.23,0.05,4.77,0.0,OK,,2026-09-23T14:30:52.317Z,2026-09-23T14:30:53.701Z,2026-09-23T14:30:52.315Z,2026-09-23T14:30:55.931Z,8d7945ce786a
